,Values
0,0.370997126117496
1,0.0384788302222141
2,0.00343926071924021
3,-0.00136592355451961
4,-0.0771436420834777
5,-0.0170643907236629
6,-0.00584825400120406
7,0.00342602376964638
8,-0.00673187167267527
9,0.0455186347679766
10,-0.0119123913685108
11,-0.0141549050040194
12,0.0071878990617153
13,-0.00206346922920996
14,0.0060826643624905
15,-0.00839944144806116
16,0.0112014591597523
17,1.70522250181878e-05
18,-0.000658975537511483
19,0.00315127017769969
20,-0.00991693899418092
21,0.00289850939968858
22,-0.00729578429184276
23,0.0134712713255303
24,-0.0170599554085474
25,0.0404195672065418
26,-0.0458739140730915
27,0.0081060419811492
28,0.000812831763504835
29,-0.00617699114377007
30,-0.00723465382350056
31,-0.0143524249664334
32,0.0112740876413648
33,-0.000912973961080261
34,0.0288151633486737
35,-0.018343113844451
36,-0.000480236165097103
37,0.0601458379105178
38,0.017721802222846
39,-0.0159647446617657
40,-0.0633752419892117
41,-0.078698268986792
42,0.0272686567129928
43,-0.0346368099132383
44,0.0786038300283177
45,0.104189552973509
46,-0.0192833862980864
47,0.0146118509840537
48,-0.0753361836265035
49,-0.00147087211873009
50,0.00755517463639933
51,-0.0225000119830521
52,-0.00677903233201902
53,0.0342003801170362
54,-0.00336961628405039
55,0.0254070805675006
56,-0.0693340506744246
57,-0.0534839130530264
58,0.0231082465427003
59,-0.0165701609615594
60,0.091249782449956
61,-0.00524163577076634
62,0.0198936355505866
63,0.0291754749151525
64,0.0112633348831874
65,-0.0374328643002998
66,0.0828365194709479
67,-0.0577116049412122
68,0.0719736422159422
69,-0.149138766574279
70,-0.106342424037094
71,0.0902468915745649
72,0.0892428838419601
73,-0.0651272235453676
74,0.0769829185865649
75,-0.0823885450973904
76,0.0280724919124906
77,-0.14314010084019
78,0.0416283364491312
79,0.235608303312071
80,-0.230711721679263
81,0.0717990974274546
82,-0.0396013609508535
83,0.0289140435243317
84,0.0759321826169829
85,-0.127307913125302
86,0.139571045627252
87,-0.153911580129073
88,0.094198699036598
89,-0.0541087988539118
90,0.0123253669964211
91,-0.0533831175201609
92,0.0681266361011013
93,-0.0294220141982577
94,-0.0293748582774667
95,-0.0295907573916148
96,0.215629069986566
97,-0.000379578771239626
98,-0.11276265718341
99,0.047678074532258
100,0.00764853760838629
101,-0.09082780608859
102,-0.164228841954992
103,0.270101311381816
104,-0.103559332757717
105,0.0714023881655726
106,0.0836596363694808
107,-0.32687465535962
108,0.321229197893291
109,-0.12630654647825
110,0.0137842333863681
111,0.0125231912763749
112,0.0128122135692459
113,0.0183238189707782
114,-0.0792901602245217
115,0.0783518846039597
116,0.118684624276709
117,-0.156353397235629
118,-0.0463782434586522
119,0.107841503227831
120,-0.233328589333277
121,0.280936185312415
122,-0.12588028629848
123,0.0866484794468776
124,-0.0743083428324767
125,0.06321011128919
126,-0.123654379878497
127,0.025361712086177
128,0.124636517023199
129,-0.293386608599638
130,0.108750295687748
131,0.157276339030511
132,-0.0358998882535723
133,-0.0681776153047766
134,-0.0624289049687456
135,0.142892309949406
136,-0.055770918775314
137,0.0572473380893718
138,-0.0465896889765619
139,0.126023350355888
140,-0.188633251361191
141,0.0917374607294386
142,0.0411344163609826
143,-0.264938898599425
144,0.173925213948907
145,0.138466676472222
146,-0.00209916521157913
147,0.158158688235099
148,-0.225948588818044
149,0.0920057176258335
150,-0.521822422843393
151,-0.100756406833091
152,0.643681122368371
153,-0.14754510147535
154,-0.0150458027036397
155,0.0148065795413646
156,0.0107118450814582
157,-0.182182765957864
158,0.000748721892356397
159,0.0358304921246882
160,0.157710783052189
161,-0.0770031479890017
162,0.0290276104835497
163,0.0462950134816093
164,0.119072319405017
165,0.0299470936193656
166,-0.331838190232779
167,0.0543990395981435
168,0.287979720315376
169,-0.205844665231046
170,-0.193836389120984
171,0.307177480667214
172,-0.138073982355574
173,-0.00853442841118284
174,0.106668314086683
175,-0.0333119648325284
176,0.0448066870354263
177,-0.310606191744653
178,0.353754630029737
179,-0.123023412402948
180,-0.0554215895414376
181,0.32072151802545
182,-0.247364480197928
183,0.112840363010801
184,-0.0817426394652612
185,0.110701586215577
186,-0.234887280862758
187,-0.346840829722218
188,0.372320947411276
189,0.296458207190595
190,0.0310041351906161
191,-0.30371014217479
192,-0.0219140278887113
193,-0.495168976796908
194,0.567112451225635
195,-0.0694268495693964
196,0.00346756652822898
197,0.0363526236295999
198,0.0559553665908584
199,-0.0257969458950748
200,-0.0415301759434572
201,0.0519696208080351
202,0.0119039877346948
203,-0.0145325890214719
204,-0.190765668830016
205,0.243438066944529
206,-0.175172607288507
207,0.109708850962671
208,0.075597942275656
209,-0.0694952387891261
210,-0.145787780579157
211,0.0669174418077011
212,0.0816144671721565
213,0.0527692489040349
214,-0.0640788014800865
215,-0.0229012412006402
216,0.00197941571647273
217,0.182613319481919
218,-0.211650997029384
219,-0.100031174922192
220,0.381262306617855
221,-0.352144979483731
222,-0.0242493733093794
223,0.155325400699424
224,-0.0923318303345459
225,0.00840923704713062
226,0.09857163768255
227,0.0254294470105212
228,0.00789227785582944
229,0.0664843881460721
230,-0.22544493622231
231,0.114564160216847
232,-0.0672712569121991
233,-0.0360365842665112
234,0.0743316550911582
235,0.0771097377993832
236,-0.0978266116548456
237,-0.0524039971872929
238,0.0826571570218759
239,0.0213135006804283
240,-0.0184676005669937
241,0.0832866622748264
242,-0.232391203268987
243,0.281306874730781
244,-0.189050225337953
245,0.0819804570334517
246,0.124746808757127
247,-0.147013702563641
248,-0.143475555433064
249,0.172149950822443
250,0.0204477311494909
251,-0.113695432792929
252,0.0702681193668769
253,-0.0114065479079675
254,0.0141314497476913
255,-0.0696415507731686
256,0.158161654265929
257,-0.133090091402807
258,0.130154741021812
259,-0.109537201903763
260,-0.0171645711290958
261,0.0372268917819079
262,-0.0183281461436738
263,0.006668748172041
264,-0.0233950243577812
265,0.0724682584952582
266,-0.0677983998244002
267,0.0396522205984626
268,0.0526849327055545
269,-0.0838995506605108
270,0.0300068107222719
271,-0.0511671450884789
272,0.0315021837309964
273,0.0553558696941177
274,0.0378204138527679
275,0.0293378982783119
276,-0.10396701290681
277,-0.0517770471560844
278,-0.102047165888367
279,0.193878597782404
280,-0.128397782586948
281,0.139719231676533
282,-0.102731342137833
283,0.0494993474470065
284,-0.0402319845934076
285,0.0761590524455139
286,-0.037686048130063
287,0.0124529578376093
288,0.0252248273676996
289,-0.0149279001428545
290,-0.00539929863165212
291,0.063876757034241
292,-0.105291485953197
293,0.04428884192918
294,-0.229399684085332
295,-0.0546407326786569
296,0.399346878007551
297,-0.106873672953816
298,0.180461741345495
299,-0.144818622035967
300,-0.01337138676526
301,-0.0496356067778861
302,-0.0419798019965255
303,-0.0600052068333895
304,0.124683669523359
305,0.0828606133187143
306,-0.0559670347874629
307,0.0634448395828793
308,-0.103050363050297
309,-0.145101191714548
310,0.0464407039591597
311,0.00498701113370317
312,0.0682697741387983
313,0.131121531351329
314,-0.0516718651724969
315,0.012287591552438
316,-0.0536752589069649
317,-0.0523412772294363
318,0.0212589084932486
319,-0.0304428229286721
320,0.0317356107290612
321,0.0265233831443378
322,0.0196337969135979
323,-0.00692455908826338
324,-0.0295108016614145
325,-0.0398321282655961
326,-0.00901642736427132
327,-0.00556760143340809
328,0.0248221148112055
329,-0.00342949157807206
330,0.0212884493879791
331,-0.00312654123263076
332,0.0368537890149097
333,0.0340206463618927
334,-0.0280925901035471
335,0.0185698381833472
336,-0.0522682084566562
337,-0.0474066822019359
338,0.0129640918999221
339,0.000422260329142747
340,0.0414546423817308
341,-0.00485644870733784
342,-0.0138295091103829
343,0.0494063040881387
344,-0.0585419441547502
345,-0.017365978476625
346,0.0253651922263853
347,-0.00134237309376314
348,0.0416827078543641
349,-0.0167081317421104
350,-0.00517159880221304
351,-0.0253263624795585
352,0.0425746996890908
353,-0.0488639638968869
354,-0.0249303754321083
355,-0.0126861318493191
356,0.0955096530417338
357,0.0716197040391378
358,-0.0287622340520887
359,-0.00845555096143887
360,-0.0320000689552689
361,-0.0702400184643226
362,0.0223305649629038
363,-0.0205878553359335
364,0.0205186267771046
365,0.0359575001018358
366,0.00276810068650082
367,-0.0189382556647917
368,0.012692713563565
369,-0.0100793620588949
370,0.00268717393583431
371,-0.0136444040005892
372,-0.0211272187396274
373,0.0452663334535091
374,-0.00838666962547997
375,0.00179390212584702
376,-0.0438879484757875
377,-0.0144753247648885
378,-0.0011658150736578
379,-0.0206991442852248
380,0.056496872549958
381,0.028986263032312
382,-0.0189790523248521
383,0.0283142034637903
384,-0.0272713776937313
385,0.00368853975048616
386,0.0113373861843274
387,0.000926841457886996
388,-0.0291311044922177
389,-0.0155316943314767
390,0.0174318014090165
391,-0.0105770169885288
392,0.0395972885244505
393,0.0146558958682683
394,-0.0219632526463309
395,0.00944574349953733
396,-0.0446465719581507
397,0.0299985426897342
398,-0.00219210603535742
399,-0.124009975298985
400,0.167101709583189
401,0.0203444478732947
402,-0.00995772733121626
403,0.0423981286559244
404,-0.086345669686488
405,-0.116758990279289
406,0.0137377791318912
407,0.0128438188003553
408,0.0248903790993588
409,0.0630245386898808
410,0.00367741810635628
411,-0.0800186160360295
412,0.093347526874091
413,0.0647386730976621
414,-0.0360669573888421
415,-0.0185924626687758
416,-0.0285183647404332
417,-0.0442706086740621
418,-0.000763718161355903
419,-0.00738626487997559
420,0.0381463355303154
421,-0.00878015987075188
422,-0.00696475220932092
423,0.0283968313661358
424,0.0109779810984968
425,-0.0326068130714017
426,-0.0278672251341275
427,0.0674154557757846
428,-0.00436124090687462
429,-0.112539811053115
430,0.081449818376151
431,-0.00617078849594646
432,-0.0224286222041553
433,0.0233741199644799
434,0.0140042223819314
435,0.0551190516564052
436,-0.0479257310021692
437,-0.106954682438194
438,0.0974809356738462
439,-0.0190669750588728
440,-0.00632693737464377
441,0.0280797054139563
442,-0.0231054267848673
443,0.110830817874292
444,-0.207918154168389
445,0.154549583808272
446,-0.0310887536415704
447,-0.000983048865164407
448,-0.000647080266518051
449,0.00855967425800122
450,0.0561075901179669
451,-0.0568863268644846
452,-0.0282151864295933
453,-0.094611903694683
454,0.304306013634997
455,-0.221868079200354
456,0.0542692621998971
457,-0.172532636232162
458,0.240032750200396
459,-0.0544882168029479
460,-0.02987269483202
461,-0.104404890063595
462,0.0842260431557568
463,-0.0334055583393853
464,0.0456800282020894
465,0.0945417076954778
466,-0.101923412225534
467,0.00563788388426062
468,-0.052285255979584
469,-0.0103036967834605
470,0.0323585032466156
471,-0.0321224240919782
472,0.0700527340247068
473,0.0222627671704663
474,-0.0405291233180975
475,-0.0108862939093936
476,-0.0289052763600228
477,0.0262484349884794
478,0.0216994144129619
479,0.0236095460710856
480,-0.0516004379895762
481,0.116308299481679
482,-0.048802847322126
483,-0.395284005399654
484,0.614515275393355
485,0.112489205361176
486,-0.619004319278441
487,0.454361814893694
488,-0.414621326175745
489,0.114996105227158
490,0.169041786987549
491,-0.129244037555435
492,0.207643760293737
493,0.0409561400349771
494,-0.475793384482594
495,0.0441115472814914
496,0.227015594611863
497,0.383002040743795
498,-0.266082174486578
499,-0.615681429406611
500,1.00192889539398
501,-1.00290862663511
502,0.432339259101641
503,0.0266358793135607
504,-0.120835247539136
505,0.0533765060569275
506,0.191266411716133
507,-0.0305049880138399
508,0.00768403106885373
509,-0.131690553377217
510,-0.152104666794304
511,0.345709162314582
512,-0.124168507648506
513,0.0226422134646297
514,0.00954902962545212
515,-0.0311335723100008
516,-0.110523244020425
517,-0.0304790675768094
518,0.267605531412858
519,-0.146687527763078
520,0.0137420449481714
521,-0.189432137960437
522,0.194632904439125
523,-0.122844173116037
524,0.160369643757295
525,-0.0811287824149195
526,0.0483427447933128
527,-0.103103370503332
528,0.677680109817037
529,-0.795865432538285
530,0.389940587375075
531,-0.257257069805129
532,0.0955205196046208
533,-0.039652576131923
534,0.334491852274403
535,-0.902578959687999
536,0.423501378096216
537,0.344875481594651
538,-0.26406114639538
539,0.0723926396683046
540,0.00143130011321572
541,0.101707567749955
542,-0.0557134844199595
543,-0.385842744759183
544,0.357573053160732
545,0.116686564330358
546,-0.017608563685575
547,-0.0645515131583837
548,0.115518560102185
549,-0.44905088736599
550,0.461006478193976
551,-0.0430932312356947
552,-0.174901947775356
553,-0.0845485203254536
554,0.321318093460717
555,-0.0241122696632753
556,0.0825618847813105
557,-0.76788081919253
558,0.739934983012837
559,-0.288738388467213
560,0.0742659490096538
561,0.070138157624031
562,-0.110247120661634
563,-0.0136835621765072
564,-0.108727068027554
565,0.0551457799268216
566,0.212651236401048
567,-0.0818786972052371
568,-0.0523330989408534
569,0.172497619704722
570,-0.0638760195307545
571,-0.16260642213774
572,0.393470254639938
573,-0.58864024598287
574,0.332749096463915
575,-0.145921799622407
576,0.262395277565515
577,-0.0682498277111792
578,-0.357030781474478
579,0.11492219538557
580,0.206144053462407
581,0.0450302466170263
582,-0.185949495878063
583,0.112503851956031
584,0.0183833056995681
585,-0.246646881586639
586,0.0383771185438064
587,0.684942905166002
588,-0.699280673414182
589,0.128590164594914
590,-0.00857429448654308
591,0.457758758742292
592,-1.15356146698056
593,0.856843621563827
594,-0.0348035011585338
595,0.0392217844677502
596,-0.146474578080975
597,-0.0217646984394628
598,0.0374532499589604
599,0.112627158660099
600,-0.105854554998708
601,-0.163166832659576
602,0.189857444821258
603,0.0983760395962877
604,-0.109644290729212
605,0.0104453922028815
606,-0.00212790873304136
607,0.0182298132162093
608,-0.0237339199985284
609,0.0346481707834275
610,-0.050088888082584
611,0.0453682072533069
612,0.086761810358083
613,-0.152051061108023
614,0.0503484273963187
615,-0.0300222013455076
616,-0.0307921804070097
617,-0.00273190053070181
618,0.0688857431593141
619,-0.0532248438903778
620,0.00659256506329126
621,0.00847742556863051
622,0.00889138197245801
623,0.0218437881819698
624,-0.00800996052608745
625,0.0294142465610772
626,-0.013157801598911
627,-0.0350087982393313
628,-0.00937708756397941
629,0.0271069335794441
630,-0.0101244070565531
631,-0.0178200968779357
632,0.05453827081438
633,0.0680254886506045
634,-0.098328971804971
635,0.00913061274270237
636,-0.00971995846454511
637,-0.0401282687195945
638,0.042377595798958
639,-0.0153815734274982
640,0.049812106016539
641,-0.0542241298510033
642,0.0446419292011694
643,3.79140124445107e-05
644,0.0248714619265888
645,-0.0853341800231662
646,-0.0289646858136722
647,0.0882225782618219
648,0.0375588148446298
649,-0.100127695446318
650,0.0863034414686361
651,-0.105386184182992
652,0.152412868275316
653,-0.127636186841035
654,-0.00785600870955815
655,0.041879160138375
656,-0.0125210640176385
657,0.051999292761002
658,-0.0313081783472373
659,0.142070018652309
660,-0.164410494652457
661,-0.0493516384518351
662,0.0360719825942962
663,-0.0284909990307906
664,0.0750042603580923
665,0.0493216611764443
666,-0.0451350424833444
667,-0.018662256255301
668,-0.0238845369968505
669,-0.0416420793533058
670,0.0460008136262618
671,-0.00533574349546532
672,0.0336817725423597
673,0.0115599342830036
674,0.000759177178204042
675,0.0361975123981647
676,-0.0601524736564982
677,-0.0161189533765247
678,0.0077146232065709
679,-0.00918805528977761
680,0.0111997442923981
681,0.0435370409771934
682,-0.0224972133816986
683,0.00179700461554505
684,-0.0134074186270482
685,-0.00984370774697064
686,0.00981794690336276
687,0.00530297585742771
688,-0.0170141573699377
689,0.00984910647421023
690,-0.00881209230392591
691,0.0188766775141867
692,-0.0099417987778349
693,0.0136159561385555
694,0.0134930108493379
695,-0.00429048454709356
696,-0.0361516672124772
697,-0.0268862619399894
698,0.0749260612923797
699,-0.0966300887723326
700,0.0574961523156897
701,0.0578479287388158
702,-0.04671613376561
703,0.0382051508504447
704,-0.0323772426647988
705,-0.0268960969853836
706,-0.0156754290193209
707,0.0141439198939768
708,-0.00421637843749089
709,0.0177330319891182
710,-0.0350162999140734
711,0.0232039275722235
712,0.0449207485303432
713,0.00271498007817002
714,0.0201701150549871
715,-0.0482627303559077
716,0.0373243707875299
717,-0.0524697817310334
718,0.00617375020562193
719,0.00667065667003235
720,-0.029108076898031
721,0.0361021672079806
722,-0.0280010885917281
723,0.0232263814772757
724,0.0125848009016164
725,-0.0142612981573927
726,-0.0177533384914707
727,0.00216924232134716
728,0.00841028641215109
729,-0.00549926765620784
730,0.0245163453917967
731,-0.0136989643727916
732,0.0160018989383681
733,-0.0189525348983606
734,-0.000826268675262528
735,0.0193411416181058
736,0.00181133945272427
737,-0.0073266017238736
738,-0.00830060457698784
739,0.0159261177726273
740,-0.036064490249099
741,-0.028513458068877
742,0.00803422019881627
743,-0.0149163432765137
744,0.0160176966705935
745,0.0575477434778994
746,-0.00581786436415113
747,-0.00548201597582286
748,-0.0119452800100684
749,0.0188190605166876
750,-0.0247552205252238
751,0.0077912622230034
752,0.00542548335707105
753,-0.0105698292712274
754,-0.0123155903552417
755,-0.000729848072951875
756,0.0166046123260201
757,0.0211450311862288
758,-0.016950982503
759,0.0222618802379713
760,-0.0412717643430586
761,0.0142061775545518
762,0.0127294010507633
763,0.0154916489901152
764,-0.024520903808006
765,-0.0740694211798298
766,-0.0112431460655409
767,0.0686835679293151
768,0.0466582776244221
769,-0.0190749563676203
770,0.0178691978785059
771,-0.0244925981919033
772,-0.0278167752893234
773,0.0179558537051096
774,-0.0266359359859786
775,0.00644578943072117
776,0.00571310293747889
777,-0.00730851669685211
778,0.0178538358773853
779,-0.0302095418567749
780,0.05557079216906
781,0.052103297786457
782,0.00217338573256132
783,-0.0142814315869639
784,-0.0741374854891691
785,-0.107228035860526
786,0.20251032795507
787,-0.176733109496989
788,0.110779409420416
789,0.0871641405196896
790,6.3891868322296e-05
791,0.0466072057739199
792,-0.158333993901599
793,0.0404628585233002
794,-0.0308402704284747
795,-0.0875794122863091
796,0.0820139423083517
797,0.0380386722918204
798,-0.385991790234767
799,0.343641796937932
800,-0.0103829218514484
801,0.267991756698579
802,-0.174169428990155
803,-0.0865016219407733
804,0.0297674230731707
805,-0.0416318740306989
806,-0.0119141101225593
807,0.01488781467704
808,0.0342476097929103
809,0.00180191840887521
810,-0.0303870735281169
811,0.0245790079463971
812,-0.0728586398022201
813,0.0846100950342284
814,0.00157930561514449
815,-0.0372267082238828
816,0.00546888913994252
817,0.0178201647052942
818,-0.0645449536165915
819,-0.00400837388989124
820,-0.0228680461651066
821,0.119623653957585
822,-0.165000418423482
823,0.234232321853672
824,-0.135757399224774
825,-0.00773224587568183
826,0.01500335776915
827,-0.0751718465147213
828,0.0797072280982196
829,0.0187444204131678
830,0.00919625774411399
831,-0.00031263267336018
832,-0.0258916078518463
833,0.0306202735121742
834,-0.103688670420678
835,0.0594736846845743
836,0.0985785580516617
837,-0.0761192745439792
838,-0.0195849624322107
839,-0.0126915767992777
840,0.0267621537792031
841,-0.0178995188433201
842,0.0104378481967989
843,0.0158954122292351
844,-0.102441911798096
845,0.0771894747301436
846,0.0237129879920631
847,-0.05792658747958
848,0.0106105560924567
849,0.0325387118081084
850,0.0417261260960713
851,-0.117571675498365
852,0.0813524616861074
853,0.202551169939932
854,-0.234318996583082
855,-0.0278413740985659
856,0.0184353762862845
857,0.0707729966192343
858,-0.00948462031565613
859,0.246671419431537
860,-0.364356475137699
861,0.0629564208938726
862,0.167612194480186
863,-0.319525855381457
864,0.0295251046940039
865,0.249215338182031
866,-0.0419187888499664
867,0.0186598878472016
868,-0.0142629521248946
869,-0.11494945886833
870,0.125398309270785
871,0.048108541869678
872,-0.131273201402548
873,-0.0142081289669809
874,-0.2755779735786
875,0.588307133185157
876,-0.71173801739368
877,0.491318467671452
878,-0.0926095537073421
879,-0.0800372603837942
880,0.143570835693589
881,0.0524592427866202
882,0.00627065380649266
883,-0.0242786825708834
884,0.0605497115525971
885,-0.309441785493113
886,0.0407724610020784
887,0.215763956291823
888,-0.0740620977290848
889,0.128468447908946
890,-0.115913111406971
891,-0.0972664365831611
892,-0.0775062423701333
893,0.4981794409174
894,-0.385910066409902
895,-0.0537592235763558
896,0.0490716129973935
897,-0.0661632600005281
898,0.0913571869957858
899,0.130177551632012
900,-0.0529659834918233
901,-0.0529397734649511
902,0.0783042934999843
903,-0.142116768725379
904,-0.0360424001376058
905,0.103419929450527
906,-0.0495577050147347
907,-0.144835615364302
908,0.247062112899493
909,0.00822130029655003
910,-0.00332148245117081
911,-0.0524501355408418
912,0.0722585472539222
913,0.00981802583007663
914,-0.0095072655799563
915,0.032310403195335
916,-0.0622917670454293
917,-0.0854600225494546
918,-0.156142267707058
919,0.224653534635815
920,0.00659661559115816
921,0.0852434322998241
922,-0.241382007559911
923,0.352460631021385
924,-0.156257025760969
925,-0.225557945054667
926,0.281571516035553
927,0.0158172136794764
928,0.24911461282148
929,-0.896467104341484
930,0.101459337744547
931,0.529860292079538
932,0.0121846154321547
933,-0.212410516317041
934,-0.407910466593242
935,0.423142278611608
936,-0.0202320861968334
937,0.0923131296216405
938,0.109997572154584
939,-0.175580584815753
940,-0.0187490111223888
941,0.162923042661902
942,-0.00710153072922891
943,-0.117380762860181
944,0.109061737592435
945,-0.0177341926107427
946,0.00760753597368284
947,-0.0123790664426614
948,-0.452964630481591
949,0.128845552956693
950,0.348448587097027
951,0.0755150741485284
952,-0.135817612679143
953,0.035522351792793
954,-0.177710936653156
955,0.1096918788134
956,0.0678066068136925
957,-0.0592435942348085
958,-0.0733835968024859
959,0.671233817617538
960,-0.994877214818524
961,0.506266659448606
962,0.0461634656759569
963,-0.261812680953763
964,-0.15680936472621
965,0.442156737539889
966,-0.101777670491051
967,-0.0339562909765795
968,-0.0469394564405811
969,0.0307147444774524
970,-0.0251291348520279
971,-0.00699372323704407
972,0.0846288956747911
973,-0.0059830142620009
974,0.10372149847774
975,-0.223369705812367
976,0.183586067736681
977,-0.320475390408483
978,0.135277018377536
979,-0.0171928891448002
980,0.0411133891655165
981,0.0962102254940271
982,-0.0966846417443732
983,0.102340071586633
984,-0.0101739705160426
985,-0.0595382248932833
986,-0.0561497400488168
987,0.0717424731570679
988,0.00713815962212189
989,-0.0588280231821549
990,0.0307018809151312
991,0.0782936024334333
992,-0.0975310135789488
993,0.029797028187066
994,0.011669026996238
995,-0.0612423685575317
996,0.0495670494929514
997,0.00941787120416619
998,-0.00842077976460256
999,-0.0153299764182429
1000,0.0282824971294747
1001,-0.000466128645026966
1002,0.0529431318146596
1003,-0.108315172781195
1004,0.13257130263754
1005,-0.0914178409239926
1006,0.0354635101571963
1007,-0.0275795078833963
1008,-0.00196141317357207
1009,0.0051395443960138
1010,0.0115890783042499
1011,-0.00436377556805664
1012,-0.0180684373604148
1013,-0.00354955014772159
1014,0.0050327221184965
1015,-0.0332056288583831
1016,0.0392979239350124
1017,0.0148053684064081
1018,-0.0142876956584283
1019,0.00800291302751789
1020,-0.0137295880947676
1021,-0.00272690292461827
1022,0.00118370729266914
1023,-0.0133683269871409
1024,0.0256813610303387
1025,0.0139210256395099
1026,0.0215505776340741
1027,0.0954961466734469
1028,-0.128527116346146
1029,-0.0540548616633321
1030,0.0507523889853161
1031,-0.0453647690501489
1032,0.0623321380652897
1033,0.00303239512081896
1034,-0.0460437927037294
1035,0.0372799589487597
1036,-0.0302437858400115
1037,-0.031549592570503
1038,0.005971203196425
1039,-0.055013664040698
1040,0.0656188818049904
1041,0.101826094664967
1042,-0.124610950073046
1043,0.118033093725102
1044,-0.013622505307722
1045,-0.206424962114704
1046,0.185272588293933
1047,-0.0254842410034909
1048,-0.0264949270860419
1049,0.0162806298611773
1050,-0.0267518362023528
1051,0.0828215104013368
1052,-0.0496536578948841
1053,-0.0586568333376472
1054,0.0451560952403528
1055,0.000846330098114641
1056,0.0282940922391436
1057,-0.0137982097313461
1058,-0.0104889456464648
1059,0.00975766310329092
1060,0.0171377774990188
1061,-0.0187898740878492
1062,0.0241562957474524
1063,-0.034348951788553
1064,-0.00471037045733176
1065,-0.0422408818229609
1066,0.060071195926363
1067,-0.0411933289837547
1068,0.0618344507787852
1069,0.0148137289444532
1070,-0.0164220813003282
1071,-0.00348582617235414
1072,0.0115757053861739
1073,-0.0277392338253499
1074,-0.00767515350475886
1075,0.0997497440605065
1076,-0.150495899620289
1077,0.0491554619754183
1078,-0.0336397666623091
1079,-0.0283247073209823
1080,0.0461322927209848
1081,0.0136158891822987
1082,0.02527298752062
1083,-0.00287901627907571
1084,-0.00172818287987782
1085,-0.00557676073510311
1086,-0.0171873493080465
1087,0.00327750514741016
1088,0.00737278653104358
1089,0.000438564901638932
1090,0.020072139969954
1091,-0.0146298687349158
1092,0.00729292144111983
1093,-0.019679362748414
1094,-0.000505251159864102
1095,0.00940661279020907
1096,-0.00474344735972849
1097,-0.000603822509111119
1098,0.00296427639659236
1099,0.00662304125734957
1100,-0.00463861894533261
1101,0.012773473268907
1102,-0.0132274036635151
1103,0.00795790819190722
1104,-0.0153311869449422
1105,0.00134576393233703
1106,0.00142322328624115
1107,-0.010039897810238
1108,-0.000543245883560172
1109,-0.00535498038468761
1110,0.00441765827337039
1111,0.0118493093737315
1112,0.0431784025726517
1113,-0.0976399555409417
1114,0.0715642358296628
1115,0.000144309237281991
1116,-0.00190150819412038
1117,-0.0154432675772604
1118,0.00276335526527468
1119,-0.00873052459156378
1120,-0.00187048499975121
1121,0.0241627122008828
1122,-0.0101521896554563
1123,0.00456201161811112
1124,-0.024323425969347
1125,-0.0235235405668768
1126,0.0129513785064725
1127,0.00574328594385843
1128,0.00387278177482053
1129,0.0124285864377225
1130,-0.00703240166162961
1131,0.00827832061340819
1132,0.0129675872612459
1133,-0.0269953279612213
1134,0.028189368526435
1135,0.0109780196344342
1136,-0.0228720114361721
1137,-0.0019760305556554
1138,-0.0168581104851079
1139,0.00825487708890921
1140,0.0270943656120826
1141,-0.032380930261037
1142,0.0134593997346031
1143,-0.0202075883481881
1144,0.00389756366525944
1145,-0.0180309667004405
1146,0.0341429887663063
1147,-0.00990348687362231
1148,-0.0147742874342048
1149,0.0544793295422267
1150,-0.0414325413961181
1151,0.00483714092833617
1152,-0.00613012584198297
1153,0.0619985430607331
1154,-0.0295944764845915
1155,0.0437456346699094
1156,-0.0730272158097087
1157,-0.0597368964486472
1158,0.0103488933318936
1159,-0.0290627888664133
1160,0.0989144935626651
1161,0.00668845355135
1162,-0.0370202952404858
1163,0.045372182509982
1164,0.00923232537776833
1165,-0.0364095312635612
1166,0.00166038918192921
1167,-0.016964980471644
1168,-0.00976608274021224
1169,0.0307965067315846
1170,-0.0132296722748694
1171,0.00728357310858383
1172,-0.0223914759006189
1173,0.00834986958549257
1174,0.0218719620451945
1175,-0.0564021442096351
1176,0.0450491366340348
1177,-0.0187177830764668
1178,0.00631279935270853
1179,0.00391920005327214
1180,0.00644563555938159
1181,-0.0105115609511561
1182,0.00620925257572427
1183,0.0079107323683013
1184,0.0107374246981923
1185,0.003934279212021
1186,0.010632072988371
1187,-0.0212388331406169
1188,-0.025773649468101
1189,0.00377084238568615
1190,0.0433195594515839
1191,-0.0645578739229678
1192,-0.00281152466311115
1193,0.0723489941821117
1194,-0.0176335162948413
1195,-0.0228320766379601
1196,0.114237884401251
1197,-0.143827363037559
1198,-0.0206147382169353
1199,0.0733366481766226
1200,0.0619181308874928
1201,-0.140471130380575
1202,0.0969967310804814
1203,-0.0332115752269065
1204,-0.0515730439115956
1205,0.00998047557823786
1206,0.0836883636937192
1207,-0.304321865974533
1208,0.362387596962801
1209,-0.162314240620976
1210,0.0953794118552122
1211,0.0541758005849401
1212,-0.259571621307975
1213,0.166052518227611
1214,0.184923836913312
1215,-0.148429917125742
1216,-0.0374713635505501
1217,-0.114390492160292
1218,0.298404869172961
1219,-0.192493493927987
1220,0.0596253912414494
1221,-0.231719459716421
1222,0.342419888392805
1223,-0.315330133355023
1224,0.0830360765621654
1225,-0.196585231157081
1226,0.728097846243493
1227,-0.429073272225914
1228,-0.0481839840239185
1229,-0.273428024966522
1230,0.309656077838639
1231,-0.0184200973831998
1232,0.0518134205427909
1233,-0.0872867934280953
1234,-0.0809428787279191
1235,0.0980652748245073
1236,-0.0726843743707588
1237,0.200829479914687
1238,-0.0549493451968676
1239,-0.301138908879711
1240,0.635417679360094
1241,-0.226247455781505
1242,-0.514569323707553
1243,0.290986423872075
1244,0.029183353161463
1245,0.018333827699623
1246,0.198248382789185
1247,-0.0899957621920661
1248,-0.154827915401767
1249,0.01254420229259
1250,0.178795791468958
1251,-0.413700125919821
1252,0.101684703302757
1253,0.399462996756845
1254,-0.361588070449721
1255,0.284217145593085
1256,-0.309392238645704
1257,0.147738031375971
1258,0.0439640034792579
1259,-0.126494281456705
1260,0.183809004084194
1261,-0.213166443769683
1262,0.229144103506733
1263,0.122321681546105
1264,-0.466543215557922
1265,0.18199245536654
1266,0.356817271640457
1267,-0.691312275885456
1268,0.585530818952448
1269,-0.416907758655797
1270,0.230078590046213
1271,0.379563562426978
1272,-0.363153210678
1273,-0.332985482889868
1274,0.288176329693796
1275,-0.0561972475063446
1276,0.204530773327662
1277,-0.131644085785956
1278,0.200429392747757
1279,-0.183142772490821
1280,-0.251371055807059
1281,0.0342725106991087
1282,0.681088208160103
1283,-0.889599665120048
1284,0.614260602452545
1285,-0.103445003621573
1286,-0.0234275836319873
1287,-0.21002284148046
1288,0.217565087318737
1289,-0.13755477256532
1290,0.089005426009263
1291,-0.148392026671176
1292,0.126823328669167
1293,0.108023117603198
1294,-0.070426020217504
1295,-0.0401789404604613
1296,-0.0998877213998236
1297,0.10864294775128
1298,-0.14988913491858
1299,0.0927509458370914
1300,0.0772841525539363
1301,-0.0604319791057832
1302,0.0451094987843512
1303,0.184154265438951
1304,-0.0562158790787089
1305,-0.248467742217845
1306,0.219141234599672
1307,-0.399703157688603
1308,0.174709009369207
1309,0.364197556980595
1310,-0.235580313680184
1311,-0.0279655098317435
1312,0.113173356793341
1313,-0.176903289481713
1314,-0.00588458750036292
1315,-0.427520311504461
1316,0.688001183311608
1317,-0.17980992170394
1318,-0.0235599104630989
1319,0.017830496124042
1320,0.0276186106060781
1321,-0.00528959126363743
1322,0.0961855039528157
1323,-0.292554149278969
1324,0.368624792285776
1325,-0.0404126105950065
1326,-0.335380417203813
1327,-0.0292368999330816
1328,0.40586701684374
1329,-0.155105027642261
1330,0.0993157668838995
1331,-0.200697040141886
1332,0.0520893218417634
1333,-0.0113799134231279
1334,-0.167914492053668
1335,0.202615352114382
1336,0.000836661046689634
1337,0.0769450504550341
1338,0.000767236574916034
1339,0.0338999593676311
1340,-0.291872465298839
1341,0.206075740198581
1342,-0.026772583746046
1343,0.0600565752931336
1344,0.155409432209462
1345,-0.365779302770039
1346,-0.127006737817569
1347,0.56554089943372
1348,-0.366319139250113
1349,-0.00141313532078401
1350,0.0195361629058273
1351,0.0956258082228556
1352,-0.00239908567706648
1353,-0.0481720026897109
1354,0.0376346996511524
1355,-0.00888403548386074
1356,0.00517260485248972
1357,0.0118280102633583
1358,0.0598812617655878
1359,-0.085197211431945
1360,-0.0580604823319574
1361,0.164295159570618
1362,-0.196453547447762
1363,0.12204744717026
1364,-0.0836208578501213
1365,0.0884958936629064
1366,0.0234689307904588
1367,-0.0781391577607286
1368,-0.00433404644724626
1369,-0.0124212167010069
1370,-0.0608484907201151
1371,0.077175448458214
1372,0.0637498387247832
1373,-0.0966941298144595
1374,0.109979476297766
1375,-0.0585350669212713
1376,-0.0433069683198178
1377,0.0605829821969974
1378,-0.0294172591172558
1379,0.000256445225429181
1380,0.0143074239323167
1381,0.00594639033923968
1382,-0.00112233370908967
1383,-0.00787999903923748
1384,0.000411288700375994
1385,-0.0182264461899594
1386,0.0131391194746393
1387,0.00351324893461829
1388,0.0408423620525505
1389,-0.00832594759507773
1390,-0.0371821305709611
1391,0.0260207145768986
1392,0.00738970275825193
1393,-0.014200744906963
1394,-0.00287566125490442
1395,0.0166080314453376
1396,-0.0327227902737347
1397,0.0415612779909753
1398,-0.0266022712922416
1399,-0.00526727525840443
1400,0.0197578626230181
1401,-0.0118058023683548
1402,0.0159624376794796
1403,-0.0265569855519822
1404,-0.0266404568221417
1405,0.0369780010400977
1406,-0.0376364925993566
1407,0.00113211248955595
1408,0.0339208436406539
1409,-0.0332436994079353
1410,0.039482745267576
1411,-0.0586804239704162
1412,-0.021459252634469
1413,0.0948996496827216
1414,0.00071744227123717
1415,0.0149514905199337
1416,-0.0179198409879926
1417,0.000594202630736131
1418,-0.0313972767049557
1419,0.0408290522481626
1420,-0.0621717949986309
1421,0.0168781857578694
1422,0.00950654904454645
1423,-0.00302412077633878
1424,-0.00540031302076908
1425,-0.0181381795024684
1426,0.0227176624203986
1427,-0.0497701290703897
1428,0.0658969687324017
1429,-0.00917638832486392
1430,0.00560069054364308
1431,-0.0122312104888232
1432,-0.0103463240150327
1433,0.00765825538027292
1434,-0.000273563975678234
1435,0.0115235973065543
1436,-0.0204182220317164
1437,0.0202651332716925
1438,0.0260809770055816
1439,-0.0382653656873738
1440,0.0283234285554069
1441,-0.028490686787378
1442,-0.0156138252744172
1443,0.0394337862277325
1444,-0.0113550151231896
1445,-0.0140985715737405
1446,0.00390663529322164
1447,-0.0174998039375843
1448,-0.00112463083122254
1449,0.0239338282733897
1450,0.00355432379613546
1451,-0.0420684159998249
1452,0.0762825673894726
1453,-0.0188997504119419
1454,-0.0358687292608789
1455,0.010849750582026
1456,-0.00794650177918227
1457,0.0295673146832572
1458,0.00100718541269621
1459,-0.00358777481572026
1460,-0.0301281243845208
1461,0.0092745976288082
1462,-0.0140724072988743
1463,0.0321484643389401
1464,-0.0227405192772292
1465,0.0255081447162757
1466,-0.0298792564610414
1467,0.0129392264947861
1468,-0.00151829012550537
1469,-0.01696533382849
1470,0.0193328772199724
1471,0.0217470058983237
1472,-0.00824021030495926
1473,-0.0219558538988229
1474,0.0146723697651129
1475,-0.0229962216660293
1476,0.0743559767244919
1477,-0.126509432967572
1478,0.0641665840531147
1479,0.0408120993451543
1480,-0.0427795381017091
1481,-0.0185886443224662
1482,-0.00239264903527996
1483,0.0417079235597445
1484,-0.0158446667692273
1485,-0.0344994761059181
1486,0.0277820363461439
1487,-0.00835758744016372
1488,-0.00165725527117183
1489,0.0163671493441455
1490,-0.0167829884522863
1491,0.0125348735816537
1492,0.0271140574137638
1493,-0.0126008777192936
1494,-0.003763266487382
1495,-0.00711277973236593
1496,-0.0186659293182821
1497,0.0258154114014089
1498,0.028934319616967
1499,-0.0432151349956399
1500,-0.00401420165365009
1501,-0.00658929799136002
1502,0.00884425119468967
1503,0.00355625979301506
1504,0.0120089394675778
1505,0.0258272213896437
1506,-0.0134822563078014
1507,0.00209520662500899
1508,-0.0095207621563436
1509,0.016753556602085
1510,-0.0393102761886188
1511,-0.00126062440713855
1512,0.00523012309159816
1513,0.0145513763449784
1514,-0.0104963760996493
1515,0.00322128338737032
1516,0.0107651744711383
1517,0.00407170537690536
1518,0.0117827815547458
1519,-0.0333328574473664
1520,-0.0255412748426702
1521,0.0383059266434903
1522,0.0294300562822683
1523,0.00671247670297555
1524,-0.0577788071520155
1525,-0.0323386154982111
1526,0.0824577837284177
1527,-0.0631790278752561
1528,-0.00273666279140319
1529,-0.00441882159512044
1530,0.0142044470716891
1531,-0.0106085111633138
1532,0.0104662669631813
1533,0.0493498989691407
1534,-0.0224967096170959
1535,-0.0963408089458511
1536,0.0704095241211181
1537,0.0031544035304489
1538,0.00366484950612287
1539,-0.00431487694785475
1540,0.0160142066082763
1541,-0.0035596054007285
1542,-0.00625631453895425
1543,0.0352288890177653
1544,-0.0234947723679127
1545,-0.0280955126901231
1546,0.0626382943420445
1547,-0.0879072978739921
1548,0.0401527345881853
1549,0.0214766300299662
1550,0.000196685241440237
1551,0.0154777267291032
1552,-0.0311630482473484
1553,-0.0324748758283113
1554,0.0129865385399748
1555,0.00531200343504333
1556,0.0104247235831863
1557,-0.00480158205299016
1558,-0.0141379769222717
1559,0.0603746380634457
1560,-0.00742666102230075
1561,-0.0376181847328186
1562,0.0275349176182821
1563,0.0370358131324355
1564,-0.127101657921643
1565,0.0807793840748146
1566,0.0412403807178901
1567,-0.193617187793118
1568,0.176756507791588
1569,0.0160191072916072
1570,-0.0604956577227034
1571,-0.00917455111878283
1572,0.0059361475255951
1573,0.0239840640004755
1574,-0.0279959683428677
1575,0.0609968833972444
1576,-0.0217391133376239
1577,-0.0991372860267713
1578,-0.0251629345380055
1579,0.0175916035592495
1580,0.080932557775046
1581,0.0534089083453807
1582,-0.047775310785909
1583,0.0604947141562373
1584,-0.0368615084414294
1585,-0.017816683845892
1586,-0.00233339477485747
1587,0.0513608494900847
1588,-0.0217953497885297
1589,-0.221067463374774
1590,0.10645244332239
1591,0.189402867713322
1592,-0.337427825846657
1593,0.260659542704292
1594,-0.0392125314306722
1595,-0.0138520112497782
1596,0.0371956139144881
1597,-0.00379222909052104
1598,-0.0093467986588305
1599,0.0193111821314996
1600,0.0471154915599599
1601,-0.0895346182282098
1602,-0.0935539567883622
1603,0.158773233542796
1604,0.0457484783507085
1605,-0.304818464951357
1606,0.0103229873812127
1607,0.302773722584195
1608,-0.113512024834188
1609,0.0578148545687477
1610,0.00431650106151952
1611,-0.130728148073461
1612,0.0909394129052773
1613,-0.00312595101877141
1614,-0.0174441796228895
1615,-0.0540170189269704
1616,0.0467816220278894
1617,0.0469212563972008
1618,-0.0177168913086028
1619,0.231902258422811
1620,-0.460580868505308
1621,0.419563577820091
1622,-0.269253456174483
1623,-0.0404331176974547
1624,0.120020236185911
1625,0.0197742815460612
1626,-0.112234404240789
1627,0.0769917965214082
1628,-0.0480527936859148
1629,-0.0399884373392605
1630,0.0967710198346658
1631,-0.0213522737855889
1632,0.0304530438349695
1633,0.133399357859183
1634,-0.288523320718172
1635,0.220128925890769
1636,0.0377944020707023
1637,-0.348137928642939
1638,0.21051072285709
1639,0.106044497801573
1640,-0.117336471440789
1641,0.0813161537060591
1642,0.00950292015374025
1643,-0.126020186489958
1644,0.0281316095784815
1645,-0.0637730953025758
1646,0.0724662299793299
1647,-0.0680233805743481
1648,0.0782371569916731
1649,-0.0570608677667363
1650,0.0224939393797287
1651,0.10444059900778
1652,0.119314089764168
1653,-0.182928217765799
1654,-0.0134395253976856
1655,0.102724477849448
1656,-0.156689671435141
1657,0.330671821628993
1658,-0.652810065051344
1659,0.508607956653732
1660,-0.355691853563809
1661,0.335428617893835
1662,0.087269464500093
1663,0.0083009187214617
1664,-0.30832273786749
1665,0.155946102205291
1666,-0.327972737615841
1667,-0.0557967865870905
1668,0.381625771852872
1669,-0.00361291503199733
1670,-0.0914230137023497
1671,0.0407535463000916
1672,0.146626412925983
1673,-0.147178333499301
1674,0.0555448412544698
1675,0.000591398991982552
1676,0.00330004397128211
1677,0.0329632523732979
1678,-0.014766396328391
1679,-0.201623191449694
1680,0.110278831850815
1681,0.0999422258414508
1682,-0.0601496062423664
1683,-0.0353157133651297
1684,0.0213525157250075
1685,-0.0043115283888648
1686,0.089071671881031
1687,-0.0674670853764289
1688,0.0496286920603184
1689,-0.0276793933211355
1690,-0.0171140068065215
1691,0.0234059087311672
1692,-0.0639068786116829
1693,0.100062020065725
1694,0.214865894253759
1695,-0.361265022169107
1696,0.370902941009418
1697,-0.531619431063679
1698,0.262211652505513
1699,-0.339830993948779
1700,0.429521916011913
1701,0.107047942703064
1702,-0.372020930084094
1703,-0.059251762249515
1704,0.328913901765303
1705,-0.109375326913785
1706,0.0179299581700916
1707,-0.00938837555439231
1708,-0.0231760853035636
1709,0.0606260191492462
1710,-0.070378894288855
1711,0.0240812711691462
1712,0.0322442041929379
1713,0.0340134270439445
1714,-0.24342496083783
1715,0.509082161329162
1716,-0.425576630090213
1717,0.073276699156356
1718,-0.0239551015392557
1719,-0.0641566351358007
1720,0.0804478842289807
1721,0.137101109161548
1722,-0.0936406918854915
1723,0.130967592659474
1724,-0.160932813960251
1725,-0.151834088049681
1726,0.163897039802092
1727,0.0363347690953067
1728,0.0324641288857948
1729,-0.086305151284915
1730,0.0740252897792281
1731,-0.0378750195505269
1732,-0.0246711561330445
1733,-0.0172181525410762
1734,0.00937462133006499
1735,0.00242626564132174
1736,-0.00525002668153342
1737,0.108408881119257
1738,-0.0577670031552177
1739,-0.0261654566955016
1740,-0.0295509900448065
1741,-0.0458640510548633
1742,0.0446515675134428
1743,-0.036297779998378
1744,0.0455327444614507
1745,0.109353404815514
1746,-0.0845844255188187
1747,0.00878531989904197
1748,-0.00705908597290858
1749,-0.0260121688231993
1750,-0.000844372163185367
1751,0.00122352008850096
1752,0.012031963686233
1753,0.0540748847598415
1754,-0.0343171084541744
1755,-0.0759188807813598
1756,0.162481896500459
1757,-0.0882782850042354
1758,-0.0159714384952391
1759,0.000319941196291595
1760,0.0151347682576999
1761,0.00360484788049857
1762,-0.0154446972531336
1763,0.0697171538526455
1764,-0.0769253587974845
1765,-0.0237023280888564
1766,-0.000376807157343656
1767,-0.00653661067606615
1768,0.0666559266559872
1769,-0.0353809919181606
1770,-0.00493924069846988
1771,-0.0125372604328693
1772,0.0177717069324518
1773,0.0544970884010664
1774,-0.065264462634956
1775,0.083491861317671
1776,-0.0855298722339082
1777,0.0189508503156343
1778,0.00458112257561503
1779,0.0165946803081709
1780,0.0578459478048817
1781,-0.127681848876535
1782,0.071990554336068
1783,0.0118026383460196
1784,-0.0207212097524212
1785,0.017403596383631
1786,-0.024128339459532
1787,0.0297749288230155
1788,-0.00263694643723979
1789,-0.0588808793322693
1790,0.0517385909479293
1791,-0.030350225579844
1792,-0.00964140994987106
1793,0.011654685336312
1794,-0.0708081538161009
1795,0.05222985852457
1796,0.0253204894711677
1797,0.00736717224253563
1798,0.0146771828504581
1799,-0.00117052304772142
1800,-0.0556842390195143
1801,0.0343235019664117
1802,0.000398828776946433
1803,0.00849832441070252
1804,-0.0131829477298464
1805,-0.00291878019824604
1806,0.00767970074345938
1807,0.0022919283495318
1808,-0.0196776401783103
1809,-0.0088292714050241
1810,0.00788426746713074
1811,0.00297931259325741
1812,0.00470701103060631
1813,0.0440875500649223
1814,-0.0371595673855465
1815,0.00770534435727193
1816,-0.0179684632896311
1817,-0.0018302712338187
1818,-0.0255638863118943
1819,0.0448769600730599
1820,-0.00117093808541987
1821,0.00840821398853359
1822,-0.0214863506723763
1823,-0.00112564967474718
1824,-0.0139569446363792
1825,-0.00809273739863152
1826,0.0175606110918026
1827,0.00660863173872662
1828,0.0085683518493392
1829,-0.00172091733780284
1830,-0.0134986857102634
1831,0.0250520510486799
1832,-0.0194798357603911
1833,0.00279991492288127
1834,-0.01916195225613
1835,0.0165124856265417
1836,0.0154317965805545
1837,0.0201851977721417
1838,-0.0156023722132699
1839,-0.0163648790455515
1840,0.00469144243253979
1841,-0.0171393791860492
1842,-0.0197825794827014
1843,0.0447556637137226
1844,-0.0384913950462936
1845,0.0113307521446498
1846,0.0298825966764575
1847,0.0162384915554362
1848,-0.0139161783824024
1849,0.00522811005074121
1850,0.0219398285008522
1851,-0.0131986138374684
1852,-0.0258846525637316
1853,-0.0213004832134037
1854,0.00823854925569607
1855,0.0316392831015269
1856,-0.0423480374013896
1857,0.029080583403461
1858,-0.0211259963143804
1859,-0.0120872425509024
1860,0.0110798415612813
1861,-0.00454854954996057
1862,-0.0020798319192972
1863,-0.00868789005187523
1864,0.0155813289712189
1865,0.0223980266193739
1866,0.000774306990188216
1867,-0.000338521350496539
1868,0.0153203944145266
1869,-0.0174023543871668
1870,0.00662269638085472
1871,-0.00642127477538439
1872,-0.02203368356676
1873,0.0364453813404486
1874,-0.0479066034214958
1875,0.00610995646926036
1876,0.00317774176340038
1877,-0.00744027762099285
1878,0.0119458378478021
1879,0.00211990483039044
1880,0.0123187050161886
1881,-0.0470801308965845
1882,0.0340861276280532
1883,-0.0109143807512869
1884,0.0501722362606223
1885,-0.0500810957859252
1886,0.00308116580815396
1887,-0.0161357023984325
1888,0.0672917506456413
1889,-0.0520722089408411
1890,0.0284256638286601
1891,-0.00996473095011209
1892,-0.0402790229061676
1893,0.160183602080282
1894,-0.0562301879294075
1895,-0.0301683688292451
1896,-0.0611813261766458
1897,-0.0487008710340594
1898,-0.015191264464392
1899,-0.0284973377329475
1900,0.0906853174575536
1901,0.0556586229718415
1902,0.00432296947068726
1903,-0.0160001762012248
1904,-0.0285712444425187
1905,-0.0170494806794699
1906,-0.0226810080424555
1907,0.0438851193184637
1908,0.0486743163682092
1909,-0.0743464732149094
1910,0.00408740353106816
1911,-0.00159151952838606
1912,-0.00166284200172935
1913,0.0603685099556546
1914,-0.00045059378596026
1915,-0.0484992758503686
1916,-0.0100576878104248
1917,0.00067405888288705
1918,0.0303578958410934
1919,0.0206721902817527
1920,-0.000683239084543227
1921,-0.0872822454237855
1922,0.0217419593578759
1923,0.02532201500519
1924,0.0620221586847667
1925,-0.0369345497476008
1926,-0.0889267664156282
1927,0.130448215127261
1928,-0.0235802786645324
1929,-0.0855132132532821
1930,0.12008445236318
1931,-0.135778181416826
1932,0.042889819785879
1933,0.0075635713487001
1934,-0.0158948716175743
1935,-0.0169013749188513
1936,0.188684309177129
1937,-0.327539432783739
1938,0.190625869279827
1939,0.108055760547133
1940,0.0274927838565724
1941,-0.256498241382795
1942,0.066201312915435
1943,0.0292558094410649
1944,-0.0551464100275155
1945,0.195728226720567
1946,-0.219015880937992
1947,0.0792440661755609
1948,0.245136432806497
1949,-0.240856228750759
1950,0.0825196606788571
1951,-0.0137969507606943
1952,-0.23698342874186
1953,0.243548252236988
1954,-0.0463953949091076
1955,-0.0104966626909905
1956,0.0806691688836105
1957,-0.0786068634851294
1958,0.0904244892203971
1959,-0.143983714042263
1960,-0.0166883890193102
1961,0.185263063361367
1962,-0.142241996478498
1963,-0.321456697654469
1964,0.524906720263019
1965,-0.216147879694507
1966,0.0769886941296825
1967,-0.0685483057610965
1968,0.164354015809263
1969,-0.151586360428308
1970,0.126330554399162
1971,-0.352458242428548
1972,0.30711015421049
1973,0.0245716085528036
1974,-0.114066486703887
1975,0.0304866663262383
1976,0.0604354217886098
1977,-0.187608603608162
1978,0.205645972954976
1979,0.0156982802611523
1980,-0.107028862331848
1981,-0.164040356116656
1982,0.0658438181195592
1983,-0.107867714086146
1984,0.401896215109483
1985,-0.409419132464243
1986,0.298024817685645
1987,-0.00494423948216745
1988,-0.0985213643973297
1989,0.056510862367247
1990,-0.0736333119313302
1991,-0.00252503230534567
1992,0.0593945519001337
1993,0.00113643444365221
1994,0.0685476129738615
1995,-0.235565973888711
1996,0.135110971228405
1997,0.180017275520043
1998,-0.082155091951678
1999,-0.0520959173522593
2000,0.150772670164358
2001,-0.500134479483327
2002,0.316385135129856
2003,0.681615968827169
2004,-0.963406869050243
2005,0.565083046253214
2006,-0.560764771485594
2007,0.181008133491011
2008,-0.163142018686806
2009,0.135244947699529
2010,0.321793794630091
2011,0.198495576243166
2012,-1.17484214311374
2013,0.990953183967455
2014,-0.240931789536228
2015,0.0487604016401321
2016,-0.172052987011673
2017,0.118413450839793
2018,-0.0106730853744819
2019,0.190871497126754
2020,-0.22416525970389
2021,0.215718813352735
2022,-0.147529801749603
2023,-0.036388884235524
2024,0.0490605117550415
2025,-0.0722482728713973
2026,0.174462203156921
2027,0.108997808474716
2028,-0.436551879244766
2029,-0.033687428382603
2030,0.248092778814964
2031,0.0639984185641333
2032,-0.0164971153678158
2033,-0.0351194986321235
2034,-0.0858378917645184
2035,0.0509422158270043
2036,0.1034303694447
2037,0.00319610307996009
2038,-0.0229798654799031
2039,-0.171966722565044
2040,0.151208662798707
2041,-0.0948503239687968
2042,0.239656221819592
2043,-0.416675629473632
2044,0.37610249142383
2045,-0.212292605910815
2046,0.0548324992929249
2047,0.0739668896070963
2048,-0.039580885269324
2049,-0.0490141261871041
2050,0.103431221422744
2051,0.0940879348083681
2052,-0.0425045624457983
2053,0.26679626992933
2054,-0.663264817206275
2055,0.159688571562868
2056,0.073713709059784
2057,0.0561853413458405
2058,0.0395881959222498
2059,0.0600583598780634
2060,-0.245319667307792
2061,0.392298390142076
2062,-0.287311561450633
2063,-0.0843004305791425
2064,-0.139882599557479
2065,0.245369948297693
2066,0.0631867883898052
2067,0.0495679520949939
2068,0.00142474069654346
2069,-0.176975643697331
2070,-0.0366231534901205
2071,0.209019881865664
2072,-0.088906312231052
2073,0.285275421755529
2074,-0.481406440917431
2075,0.305848551034862
2076,-0.0916819444836075
2077,-0.178070919700343
2078,0.209222566905624
2079,-0.0951991481891242
2080,0.0804068436580352
2081,-0.0520568388128683
2082,0.0428108781490806
2083,-0.048066687542543
2084,0.0450051770523255
2085,0.00470520689027475
2086,-0.0474622529015898
2087,0.0238794682178375
2088,-0.00361058185101986
2089,-0.0461735625726727
2090,0.0918531072090466
2091,-0.0747517948944937
2092,0.0441721462224373
2093,-0.0172823254422884
2094,0.0274792260575621
2095,-0.0553954900371299
2096,0.0326147621155982
2097,0.0258492070559429
2098,-0.0362071188264339
2099,0.0212810108614512
2100,-0.0329281376730623
2101,-0.0149594949415662
2102,0.0158078313492351
2103,-0.000104028054476633
2104,0.0286982345140531
2105,0.107772488601396
2106,-0.0646683752613179
2107,-0.00836437722252917
2108,-0.114073519201553
2109,0.0362718290906315
2110,0.0512153519102309
2111,0.0461701009962109
2112,-0.0447125091105802
2113,0.00107263439886568
2114,0.0168752902164106
2115,0.012794816495876
2116,-0.0707237040150539
2117,-0.0287214355974978
2118,0.0147887611019333
2119,0.0536043898875633
2120,-0.000614716537391103
2121,-0.0030545038729937
2122,0.00903353665681228
2123,-0.0345692947222751
2124,-0.000221996121148585
2125,0.00531290657242408
2126,0.0162579059243542
2127,-0.059385273358868
2128,0.068708243521552
2129,0.0741086310670128
2130,-0.0431768210902469
2131,-0.0066421613774908
2132,-0.0164310437670501
2133,-0.0581250830135904
2134,-0.0041826685825492
2135,0.00686851966312635
2136,0.0444921343140006
2137,0.0224745179243706
2138,-0.0697168675410391
2139,0.0773159213093536
2140,-0.0320047232879316
2141,-0.0341045601917686
2142,0.0192262122647762
2143,-0.0289122875647062
2144,-0.0130229329486766
2145,0.0491789869182061
2146,0.030875800953611
2147,-0.00122713585658001
2148,-0.0132218785198094
2149,-0.0441521758199889
2150,0.00534905676331816
2151,-0.000183615328821658
2152,0.0107851909260992
2153,-0.00307536146643055
2154,0.00164567267886458
2155,0.00901180755681873
2156,-0.0104371599948165
2157,0.00224156043673009
2158,0.0138609257033061
2159,-0.00476767807339923
2160,0.0240444162578359
2161,-0.0157478384468045
2162,-0.0176557603550071
2163,-0.0129309436865944
2164,0.0504056995047212
2165,0.0177528342826295
2166,-0.0849243337949915
2167,0.0911350374719339
2168,-0.00437931707968373
2169,-0.0257104606369518
2170,-0.0208477116288044
2171,0.00812253712738138
2172,-0.0441010494542367
2173,0.0413334640553172
2174,-0.00529112365409237
2175,-0.00688717303334877
2176,0.00451880740680641
2177,0.0129055985386649
2178,0.00106723217141444
2179,0.00138599419071161
2180,-0.00943330598385836
2181,-0.000660443053895236
2182,-0.00227845415665068
2183,0.0126878846892523
2184,-0.019432034248247
2185,-0.00194587457757276
2186,0.0174467420308195
2187,-0.000178175961873613
2188,-0.0173342750499038
2189,-0.01613940175779
2190,-0.00525309983043628
2191,0.00848600889691619
2192,0.0175772615456029
2193,0.00636739108682706
2194,-0.00671835921799387
2195,0.0253149088676406
2196,-0.00510639891464822
2197,-0.00378711449054881
2198,-0.00139708575543048
2199,0.0152866644397284
2200,-0.0224172173521095
2201,-0.00787563818779718
2202,-0.00999907209231851
2203,-0.00139112291116372
2204,0.0114909352093754
2205,0.0185017318434158
2206,-0.00161520481615311
2207,0.00327728522160504
2208,-0.00737566235722936
2209,-0.0406853449429669
2210,0.00932726403960066
2211,0.0158326119581095
2212,-0.0188863582428478
2213,0.0186502189257859
2214,0.0165224998076629
2215,-0.0341317059045254
2216,0.0373748668747501
2217,-0.00309175382304635
2218,0.0162476529839508
2219,-0.0165950192723488
2220,-0.00809638558889756
2221,0.0203664803557858
2222,0.01467507091763
2223,-0.0113239755062716
2224,-0.111263606306219
2225,0.113758127199824
2226,-0.0575914897140866
2227,0.00735863829465809
2228,0.0241803840006216
2229,0.0401042879633615
2230,-0.0269066865513649
2231,0.00853365148500857
2232,-0.0160437739919638
2233,0.0068464500944963
2234,0.0543038774792785
2235,-0.00356247936543107
2236,-0.105139048800361
2237,0.0859307251486447
2238,0.00729010200606319
2239,-0.0727085755588188
2240,-8.10611215705855e-05
2241,-0.00779565858763947
2242,0.03818642975591
2243,-0.0590850881216983
2244,0.0673899564555151
2245,-0.0201001574255653
2246,0.0117451901359972
2247,0.00381028873981622
2248,-0.0283585396044902
2249,-0.0215844507750096
2250,0.0376548276130712
2251,-0.0127145647914828
2252,-0.0360273147188498
2253,0.0336759133509999
2254,0.00894875727214076
2255,-0.0319003231446136
2256,0.0147835790583197
2257,0.0559969280628905
2258,-0.0536387250069018
2259,-0.0287036780054406
2260,0.0633079706136219
2261,0.0301752628361867
2262,-0.0486163293833846
2263,0.0434063939790138
2264,-0.111739127329099
2265,0.0712437801539223
2266,0.024863310507069
2267,-0.0373368027690385
2268,0.0190389518702769
2269,-0.0304803949347384
2270,0.0920864697686875
2271,0.115043608159247
2272,-0.323084720218468
2273,0.123457928998494
2274,-0.0720428705954176
2275,0.104652590119403
2276,-0.0659875820472153
2277,0.00398386854786143
2278,-0.00555537442342008
2279,-0.00279043352431231
2280,0.0285457007280683
2281,0.0324409817601412
2282,0.00406448209740116
2283,-0.00549947264482279
2284,-0.0209576723661381
2285,0.133168896970565
2286,-0.0956575039026358
2287,-0.149910996655013
2288,0.0726058464868498
2289,0.0736396589452585
2290,-0.0482574410240692
2291,0.0932112824017842
2292,-0.101537515487103
2293,0.0100411021530535
2294,-0.0805584557306886
2295,0.306705083668449
2296,-0.287726403367177
2297,0.0237327658628145
2298,0.0296526368585922
2299,0.031881298494464
2300,-0.0550337410517742
2301,0.00453905899673899
2302,0.033494954246744
2303,-0.0443148370578135
2304,0.106416574431881
2305,-0.103229741965958
2306,-0.0420039810309235
2307,0.16170547694879
2308,-0.0280265239248229
2309,-0.0593531541176634
2310,-0.0535665386853848
2311,0.136476012103729
2312,-0.00155922187608173
2313,-0.142370497526023
2314,0.0196476913893103
2315,0.0196963592837073
2316,0.165126117593304
2317,-0.0651801665867723
2318,-0.0753862593642119
2319,0.0722502881028053
2320,-0.082630110792517
2321,-0.159973695959569
2322,0.0650349713601201
2323,0.111898425709108
2324,0.0296347845303473
2325,0.0883993267552645
2326,-0.14845330127991
2327,-0.00592198807753671
2328,0.0509835000608985
2329,-0.068239435416927
2330,0.00481714008490354
2331,0.233842490997653
2332,-0.343890837294934
2333,0.170223902958245
2334,0.0189158938898103
2335,0.050610328836997
2336,-0.12495239586446
2337,0.015092529680468
2338,0.200688097503746
2339,-0.307153532677662
2340,0.164721448397802
2341,0.182644881031391
2342,-0.298693423383348
2343,-0.0524680282156621
2344,0.0883404564824659
2345,0.161135062529171
2346,-0.00849718965649521
2347,-0.307534244293048
2348,0.0144915559579906
2349,0.173337785333859
2350,0.0112990562835695
2351,0.0681756820139564
2352,-0.0369673867785298
2353,-0.0202518387432091
2354,0.00760898022081496
2355,-0.0442912103826213
2356,-0.0688024062535998
2357,0.52755009892376
2358,-0.649064052172384
2359,0.188334244395074
2360,0.0925100212955573
2361,-0.0810066911095239
2362,0.0900735004515115
2363,-0.235598623215875
2364,0.198460588248569
2365,-0.0385183236542096
2366,0.11999151073084
2367,0.0880663398763306
2368,0.0586148098897439
2369,-0.637509799280497
2370,0.107835370346331
2371,0.344534729502092
2372,-0.154136643779734
2373,0.245853682175056
2374,-0.139109247553097
2375,0.272635789123592
2376,-0.541524103912136
2377,0.073467239242074
2378,0.299853571830783
2379,-0.155498620739576
2380,0.0484151519924294
2381,-0.0572804495984716
2382,0.0187150418970283
2383,0.120229111756525
2384,-0.0948944390535697
2385,-0.0789714766553456
2386,-0.0313652743612583
2387,0.108715191356519
2388,0.069696183284718
2389,-0.0443844004144079
2390,0.241276954847549
2391,-0.554267452770189
2392,0.097487287534767
2393,0.195566589612075
2394,0.00496643845975686
2395,0.135739946419879
2396,-0.115159127865828
2397,0.0637848465051304
2398,0.0853791740164383
2399,-0.384096279367894
2400,0.0981000706738873
2401,0.209897391886409
2402,-0.283189100505952
2403,0.139659650767286
2404,0.0102060124933103
2405,-0.0570528357097449
2406,0.0407526531746011
2407,0.204649039224584
2408,-0.266399977165214
2409,0.0470790820573068
2410,0.154695790444428
2411,0.020396007654459
2412,-0.085883110270421
2413,-0.513536234225459
2414,0.794313208219993
2415,-0.537952608495682
2416,0.229831715934724
2417,-0.0358214343420516
2418,0.683620222621099
2419,-0.776882587264814
2420,-0.164111240866927
2421,-0.01436630420429
2422,0.662087102706347
2423,-0.58956902984582
2424,0.231418492469007
2425,0.250291189029899
2426,-0.276459955447417
2427,-0.0867014206803871
2428,0.0482484629624754
2429,0.0562813332984788
2430,0.259707403862457
2431,-0.258786233360268
2432,0.0468125295879392
2433,0.0311805995259943
2434,-0.175704287146133
2435,0.0784380936569277
2436,-0.00465459989293676
2437,-0.0649656141906007
2438,0.136938353660987
2439,-0.075694304823442
2440,0.0156037913978081
2441,0.0374081095779505
2442,0.0398595587737255
2443,-0.121076295178191
2444,0.11471197612972
2445,-0.0100908606731891
2446,-0.0489895006523116
2447,-0.0104460559116082
2448,-0.0609320486305241
2449,0.178276148813545
2450,-0.12108592522314
2451,0.09120906237002
2452,0.025390720875787
2453,-0.0918809709008512
2454,-0.00659023221463508
2455,-0.0271792615597605
2456,0.0621879123020879
2457,0.0181322776122169
2458,0.00604568409105524
2459,-0.0496194348623688
2460,0.0330384171699112
2461,0.0517455056021921
2462,0.00818687367531619
2463,-0.106299968690453
2464,0.0154241154916398
2465,-0.0411974638426634
2466,-0.046971415533219
2467,0.311818376638845
2468,-0.280258103012232
2469,-0.00167702495177171
2470,0.0299858727379657
2471,0.0368073107378385
2472,0.0367009754017699
2473,-0.047314094803525
2474,-0.0295852184469746
2475,-0.0281518572486611
2476,0.180980556116452
2477,-0.129325882533315
2478,0.0262049210331961
2479,-0.0341651948157009
2480,0.0279517319848287
2481,0.024080020518224
2482,-0.0188798147032428
2483,0.0212294159623006
2484,-0.0260041163243997
2485,-0.0203936990517296
2486,0.0214823593696853
2487,-0.121007409646914
2488,0.166883970770535
2489,-0.0849995263361256
2490,0.00971743815355436
2491,0.07700807196142
2492,-0.0317307643767322
2493,-0.341700937178606
2494,1.73352527768166
